Mashed Potatoes,,Potato,,1,,lbs,,Butter,,1/2,,cup,,Salt,,2,,tbsp,,1. Wash potatoes under warm water. 2. Boil potatoes in large pot for 20 minutes.  3. Peel the skins off of the potatoes and place them into a large bowl. 4. Use a masher or fork to mash the potatoes, adding butter and salt as you mash. 5. Enjoy!
Apple Pie,,Apple,,2,,lbs,,Butter,,1/4,,cup,,Salt,,1,,tsp,,Sugar,,1/2,,cup,,1,,Pie crust,,1,,unit,,1. Preheat oven to 375 degrees Celsius. 2. Peel apples and cut into slices.  3. In a large bowl, mix apples, butter and sugar.  4. Place into pie crust, then put it into oven.  5. Bake for 20 minutes.
Slow Cooker Chicken and Dumplings,,chicken breast,,4,,units,,butter,,2,,tablespoons,,condensed cream of chicken soup,,2,,cans,,onion,,1,,unit,,biscuit dough,,2,,packages,,1. Place the chicken, butter, soup, and onion in a slow cooker, and fill with enough water to cover. 2. Cover, and cook for 5 to 6 hours on High. 3. About 30 minutes before serving, place the torn biscuit dough in the slow cooker. 4. Cook until the dough is no longer raw in the center
Awesome Slow Cooker Pot Roast,,condensed cream of mushroom soup,,2,,cans,,dry onion soup mix,,1,,ounce,,water,,1,,cup,,pot roast,,5.5,,pounds,,1. In a slow cooker, mix cream of mushroom soup, dry onion soup mix and water. 2. Place pot roast in slow cooker and coat with soup mixture. 3. Cook on High setting for 3 to 4 hours, or on Low setting for 8 to 9 hours
Brown Sugar Meatloaf,,brown sugar,,1/2,,cup,,ketchup,,1/2,,cup,,beef,,1 1/2,,pounds,,milk,,3/4,,cup,,egg,,2,,units,,salt,,1 1/2,,teaspoons,,black pepper,,1/4,,teaspoon,,onion,,1,,unit,,ginger,,1/4,,teaspoon,,finely crushed saltine cracker crumbs,,3/4,,cup,,1. Preheat oven to 350 degrees F (175 degrees C). 2. Lightly grease a 5x9 inch loaf pan. 3. Press the brown sugar in the bottom of the prepared loaf pan and spread the ketchup over the sugar. 4. In a mixing bowl, mix thoroughly all remaining ingredients and shape into a loaf. 5. Place on top of the ketchup. 6. Bake in preheated oven for 1 hour or until juices are clear
Best Chocolate Chip Cookies,,butter,,1,,cup,,white sugar,,1,,cup,,brown sugar,,1,,cup,,egg,,2,,units,,vanilla extract,,2,,teaspoons,,all-purpose flour,,3,,cups,,baking soda,,1,,teaspoon,,hot water,,2,,teaspoons,,salt,,1/2,,teaspoon,,chocolate chips,,2,,cups,,walnuts,,1,,cup,,1. Preheat oven to 350 degrees F (175 degrees C). 2. Cream together the butter, white sugar, and brown sugar until smooth. 3. Beat in the eggs one at a time, then stir in the vanilla. 4. Dissolve baking soda in hot water. 5. Add to batter along with salt. 6. Stir in flour, chocolate chips, and nuts. 7. Drop by large spoonfuls onto ungreased pans. 8. Bake for about 10 minutes in the preheated oven, or until edges are nicely browned
Homemade Mac and Cheese Casserole,,whole wheat rotini pasta,,8,,ounces,,broccoli florets,,3,,cups,,onion,,1,,unit,,garlic,,3,,cloves,,butter,,4,,tablespoons,,all-purpose flour,,2,,tablespoons,,salt,,1/4,,teaspoon,,black pepper,,1/8,,teaspoon,,milk,,2 1/2,,cups,,Cheddar cheese shredded,,8,,ounces,,reduced-fat cream cheese,,4,,ounces,,fine dry Italian-seasoned bread crumbs,,1/2,,cup,,1. Preheat oven to 350 degrees F. 2. Line a 2-quart casserole dish with Reynolds Wrap(R) Pan Lining Paper, parchment side up. 3. No need to grease dish. 4. Cook the pasta in a large saucepan according to the package directions, adding the broccoli for the last 3 minutes of cooking. 5. Drain. 6. Return to the saucepan and set aside. 7. Cook the onion and garlic in 2 tablespoons hot butter in a large skillet 5 to 7 minutes or until tender. 8. Stir in flour, salt, and black pepper. 9. Add the milk all at once. 10. Cook and stir over medium heat until slightly thickened and bubbly. 11. Add cheddar cheese and cream cheese, stirring until melted. 12. Pour cheese sauce over the pasta and broccoli and stir until well combined. 13. Melt the remaining 2 tablespoons butter and mix with the bread crumbs in a small bowl. 14. Transfer the pasta mixture to the prepared casserole dish. 15. Top with the buttery bread crumbs. 16. Bake, uncovered, about 25 minutes or until bubbly and internal temperature is 165 degrees F. 17. Let stand for 10 minutes before serving
Banana Banana Bread,,all-purpose flour,,2,,cups,,baking soda,,1,,teaspoon,,salt,,1/4,,teaspoon,,butter,,1/2,,cup,,brown sugar,,3/4,,cup,,egg,,2,,units,,bananas,,2 1/3,,cups,,1. Preheat oven to 350 degrees F (175 degrees C). 2. Lightly grease a 9x5 inch loaf pan. 3. In a large bowl, combine flour, baking soda and salt. 4. In a separate bowl, cream together butter and brown sugar. 5. Stir in eggs and mashed bananas until well blended. 6. Stir banana mixture into flour mixture; stir just to moisten. 7. Pour batter into prepared loaf pan. 8. Bake in preheated oven for 60 to 65 minutes, until a toothpick inserted into center of the loaf comes out clean. 9. Let bread cool in pan for 10 minutes, then turn out onto a wire rack
Chef John's Fisherman's Pie,,potato,,3,,units,,butter,,3,,tablespoons,,nutmeg,,1,,pinch,,black pepper,,1,,pinch,,salt,,1,,pinch,,cayenne pepper,,1,,pinch,,milk,,1/2,,cup,,olive oil,,2,,teaspoons,,baby spinach leaves,,12,,ounces,,butter,,3,,tablespoons,,all-purpose flour,,3,,tablespoons,,garlic,,2,,cloves,,milk,,2,,cups,,lemon zest,,2,,teaspoons,,boneless cod fillets,,2,,pounds,,lemon juice,,1/2,,cup,,chives,,1,,tablespoon,,1. Bring a large saucepan of salted water and to a boil; add russet potatoes to boiling water and cook until very tender, about 20 minutes. 2. Drain well. 3. Mash in 3 tablespoons butter until thoroughly combined. 4. Season with nutmeg, salt, black pepper, and cayenne pepper to taste. 5. Mash 1/2 cup milk into potato mixture until smooth. 6. Drizzle olive oil in a large Dutch oven over medium-high heat, add spinach, and season with a big pinch of salt. 7. Cook, stirring occasionally, until spinach has wilted, about 1 minute. 8. Transfer to a bowl lined with paper towels to wick away excess moisture. 9. Heat 3 tablespoons butter and flour in a saucepan over medium heat; whisk mixture to a smooth paste. 10. Cook, stirring constantly, until mixture has a nutty smell and is slightly browned, about 2 minutes. 11. Add garlic; whisk until fragrant, 10 to 20 seconds. 12. Whisk 1 cup cold milk into flour mixture; cook until thickened. 13. Whisk in remaining 1 cup milk and lemon zest. 14. Bring white sauce to a gentle simmer, whisking constantly; season with salt. 15. Turn heat to very low and keep sauce warm. 16. Preheat oven to 375 degrees F (190 degrees C). 17. Grease an 8x12-inch casserole dish with 1 tablespoon butter. 18. Season buttered pan with salt, black pepper, and cayenne pepper. 19. Lay boneless cod fillets into the pan in a single layer. 20. Season tops of fillets with more salt, black pepper, and cayenne pepper. 21. Spread spinach evenly over fish and drizzle with lemon juice. 22. Spoon white sauce over spinach; give casserole dish several taps and shakes to eliminate bubbles. 23. Drop mashed potatoes by heaping spoonfuls over the casserole and spread smoothly to cover. 24. Place dish onto a rimmed baking sheet to catch spills. 25. Bake in the preheated oven until bubbling, about 40 minutes. 26. Turn on oven's broiler and broil until potato crust has a golden brown top, about 2 minutes. 27. Fish should flake easily. 28. Let stand 10 minutes before serving. 29. Garnish with a sprinkle of chives
Mom's Zucchini Bread,,all-purpose flour,,3,,cups,,salt,,1,,teaspoon,,baking soda,,1,,teaspoon,,baking powder,,1,,teaspoon,,cinnamon,,1,,tablespoon,,egg,,3,,units,,vegetable oil,,1,,cup,,white sugar,,2 1/4,,cups,,vanilla extract,,3,,teaspoons,,grated zucchini,,2,,cups,,walnuts,,1,,cup,,1. Grease and flour two 8 x 4 inch pans. 2. Preheat oven to 325 degrees F (165 degrees C). 3. Sift flour, salt, baking powder, soda, and cinnamon together in a bowl. 4. Beat eggs, oil, vanilla, and sugar together in a large bowl. 5. Add sifted ingredients to the creamed mixture, and beat well. 6. Stir in zucchini and nuts until well combined. 7. Pour batter into prepared pans. 8. Bake for 40 to 60 minutes, or until tester inserted in the center comes out clean. 9. Cool in pan on rack for 20 minutes. 10. Remove bread from pan, and completely cool
The Best Rolled Sugar Cookies,,butter,,1 1/2,,cups,,white sugar,,2,,cups,,egg,,4,,units,,vanilla extract,,1,,teaspoon,,all-purpose flour,,5,,cups,,baking powder,,2,,teaspoons,,salt,,1,,teaspoon,,1. In a large bowl, cream together butter and sugar until smooth. 2. Beat in eggs and vanilla. 3. Stir in the flour, baking powder, and salt. 4. Cover, and chill dough for at least one hour (or overnight). 5. Preheat oven to 400 degrees F (200 degrees C). 6. Roll out dough on floured surface 1/4 to 1/2 inch thick. 7. Cut into shapes with any cookie cutter. 8. Place cookies 1 inch apart on ungreased cookie sheets. 9. Bake 6 to 8 minutes in preheated oven. 10. Cool completely
Singapore Chili Crabs,,ketchup,,1/2,,cup,,chicken broth,,1/2,,cup,,egg,,1,,unit,,soy sauce,,2,,tablespoons,,chile-garlic sauce,,2,,tablespoons,,oyster sauce,,1,,tablespoon,,tamarind paste,,1,,tablespoon,,fish sauce,,2,,teaspoons,,palm sugar,,2,,teaspoons,,minced shallot,,1/4,,cup,,garlic,,6,,cloves,,vegetable oil,,2,,tablespoons,,minced fresh ginger root,,2,,tablespoons,,minced serrano pepper,,1,,tablespoon,,crabs,,2,,units,,cilantro,,2,,tablespoons,,sliced green onion,,2,,tablespoons,,1. Whisk ketchup, chicken broth, eggs, soy sauce, chile-garlic sauce, oyster sauce, tamarind paste, fish sauce, and palm sugar together in a bowl. 2. Stir shallots, garlic, oil, ginger, and serrano pepper together in a pot over medium-high heat. 3. Saute until sizzling, about 2 minutes. 4. Add crab to pot, cover the pot with a lid, and shake until crab is completely coated in shallot mixture. 5. Remove lid and cook and stir until heated through, about 3 minutes. 6. Pour ketchup mixture into pot, reduce heat to medium, and cook and stir until sauce thickens and crab is hot about 5 minutes. 7. Remove from heat; stir in cilantro and green onions
DownEast Maine Pumpkin Bread,,pumpkin puree,,1,,can,,egg,,4,,units,,vegetable oil,,1,,cup,,water,,2/3,,cup,,white sugar,,3,,cups,,all-purpose flour,,3 1/2,,cups,,baking soda,,2,,teaspoons,,salt,,1 1/2,,teaspoons,,cinnamon,,1,,teaspoon,,nutmeg,,1,,teaspoon,,cloves,,1/2,,teaspoon,,ginger,,1/4,,teaspoon,,1. Preheat oven to 350 degrees F (175 degrees C). 2. Grease and flour three 7x3 inch loaf pans. 3. In a large bowl, mix together pumpkin puree, eggs, oil, water and sugar until well blended. 4. In a separate bowl, whisk together the flour, baking soda, salt, cinnamon, nutmeg, cloves and ginger. 5. Stir the dry ingredients into the pumpkin mixture until just blended. 6. Pour into the prepared pans. 7. Bake for about 50 minutes in the preheated oven. 8. Loaves are done when toothpick inserted in center comes out clean
Best Big Chewy Chocolate Chip Cookies,,all-purpose flour,,2,,cups,,baking soda,,1/2,,teaspoon,,salt,,1/2,,teaspoon,,butter,,3/4,,cup,,brown sugar,,1,,cup,,white sugar,,1/2,,cup,,vanilla extract,,1,,tablespoon,,egg,,1,,unit,,egg yolk,,1,,unit,,chocolate chips,,2,,cups,,1. Preheat the oven to 325 degrees F (165 degrees C). 2. Grease cookie sheets or line with parchment paper. 3. Sift together the flour, baking soda and salt; set aside. 4. In a medium bowl, cream together the melted butter, brown sugar and white sugar until well blended. 5. Beat in the vanilla, eggs, and egg yolk until light and creamy. 6. Mix in the sifted ingredients until just blended. 7. Stir in the chocolate chips by hand using a wooden spoon. 8. Drop cookie dough 1/4 cup at a time onto the prepared cookie sheets. 9. Cookies should be about 3 inches apart. 10. Bake for 15 to 17 minutes in the preheated oven, or until the edges are lightly toasted. 11. Cool on baking sheets for a few minutes before transferring to wire racks to cool completely
Aimee's Mashed Cauliflower 'Potatoes',,cauliflower florets,,1,,pound,,mashed potato flakes,,1/4,,cup,,low-fat milk,,1/4,,cup,,margarine,,2,,tablespoons,,black pepper,,1,,pinch,,salt,,1,,pinch,,shredded cheese,,1/4,,cup,,1. Preheat oven to 375 degrees F (190 degrees C). 2. Place a steamer insert into a saucepan and fill with water to just below the bottom of the steamer. 3. Bring water to a boil. 4. Add cauliflower, cover, and steam until tender, about 20 minutes. 5. Transfer cauliflower to a large bowl. 6. Add mashed potato flakes, milk, and margarine; mash with a potato masher or fork until cauliflower mixture is fluffy. 7. Season with salt and black pepper. 8. Pour mixture into a baking dish and sprinkle with Cheddar cheese. 9. Bake in preheated oven until cheese is melted, about 10 minutes
Irish Lamb Stew,,bacon,,1 1/2,,pounds,,lamb,,6,,pounds,,salt,,1/2,,teaspoon,,black pepper,,1/2,,teaspoon,,all-purpose flour,,1/2,,cup,,garlic,,3,,cloves,,onion,,1,,large,,units,,beef stock,,4,,cups,,white sugar,,2,,teaspoons,,carrots,,4,,cups,,onion-diced,,2,,cups,,potato,,3,,units,,thyme,,1,,teaspoon,,bay leaves,,2,,units,,white wine,,1,,cup,,1. Place bacon in a large, deep skillet. 2. Cook over medium high heat until evenly brown. 3. Drain, crumble, and set aside. 4. Put lamb, salt, pepper, and flour in large mixing bowl. 5. Toss to coat meat evenly. 6. Brown meat in frying pan with bacon fat. 7. Place meat into stock pot (leave 1/4 cup of fat in frying pan). 8. Add the garlic and yellow onion and saute till onion begins to become golden. 9. Deglaze frying pan with 1/2 cup water and add the garlic-onion mixture to the stock pot with bacon pieces, beef stock, and sugar. 10. Cover and simmer for 1 1/2 hours. 11. Add carrots, onions, potatoes, thyme, bay leaves, and wine to pot. 12. Reduce heat, and simmer covered for 20 minutes until vegetables are tender
To Die For Blueberry Muffins,,all-purpose flour,,1 1/2,,cups,,white sugar,,3/4,,cup,,salt,,1/2,,teaspoon,,baking powder,,2,,teaspoons,,vegetable oil,,1/3,,cup,,egg,,1,,unit,,milk,,1/3,,cup,,blueberries,,1,,cup,,white sugar,,1/2,,cup,,all-purpose flour,,1/3,,cup,,butter,,1/4,,cup,,cinnamon,,1 1/2,,teaspoons,,1. Preheat oven to 400 degrees F (200 degrees C). 2. Grease muffin cups or line with muffin liners. 3. Combine 1 1/2 cups flour, 3/4 cup sugar, salt and baking powder. 4. Place vegetable oil into a 1 cup measuring cup; add the egg and enough milk to fill the cup. 5. Mix this with flour mixture. 6. Fold in blueberries. 7. Fill muffin cups right to the top, and sprinkle with crumb topping mixture. 8. To Make Crumb Topping: Mix together 1/2 cup sugar, 1/3 cup flour, 1/4 cup butter, and 1 1/2 teaspoons cinnamon. 9. Mix with fork, and sprinkle over muffins before baking. 10. Bake for 20 to 25 minutes in the preheated oven, or until done
Broiled Tilapia Parmesan,,Parmesan cheese,,1/2,,cup,,butter,,1/4,,cup,,mayonnaise,,3,,tablespoons,,lemon juice,,2,,tablespoons,,basil,,1/4,,teaspoon,,black pepper,,1/4,,teaspoon,,onion powder,,1/8,,teaspoon,,celery salt,,1/8,,teaspoon,,tilapia fillets,,2,,pounds,,1. Preheat your oven's broiler. 2. Grease a broiling pan or line pan with aluminum foil. 3. In a small bowl, mix together the Parmesan cheese, butter, mayonnaise and lemon juice. 4. Season with basil, pepper, onion powder and celery salt. 5. Mix well and set aside. 6. Arrange fillets in a single layer on the prepared pan. 7. Broil a few inches from the heat for 2 to 3 minutes. 8. Flip the fillets over and broil for a couple more minutes. 9. Remove the fillets from the oven and cover them with the Parmesan cheese mixture on the top side. 10. Broil for 2 more minutes or until the topping is browned and fish flakes easily with a fork. 11. Be careful not to over cook the fish
Award Winning Soft Chocolate Chip Cookies,,all-purpose flour,,4 1/2,,cups,,baking soda,,2,,teaspoons,,butter,,2,,cups,,brown sugar,,1 1/2,,cups,,white sugar,,1/2,,cup,,instant vanilla pudding mix,,2,,packages,,egg,,4,,units,,vanilla extract,,2,,teaspoons,,chocolate chips,,4,,cups,,walnuts,,2,,cups,,1. Preheat oven to 350 degrees F (175 degrees C). 2. Sift together the flour and baking soda, set aside. 3. In a large bowl, cream together the butter, brown sugar, and white sugar. 4. Beat in the instant pudding mix until blended. 5. Stir in the eggs and vanilla. 6. Blend in the flour mixture. 7. Finally, stir in the chocolate chips and nuts. 8. Drop cookies by rounded spoonfuls onto ungreased cookie sheets. 9. Bake for 10 to 12 minutes in the preheated oven. 10. Edges should be golden brown
World's Best Lasagna,,sweet Italian sausage,,1,,pound,,lean ground beef,,3/4,,pound,,minced onion,,1/2,,cup,,garlic,,2,,cloves,,tomato,,1,,can,,tomato paste,,2,,cans,,tomato sauce,,2,,cans,,water,,1/2,,cup,,white sugar,,2,,tablespoons,,basil leaves,,1 1/2,,teaspoons,,fennel seed,,1/2,,teaspoon,,Italian seasoning,,1,,teaspoon,,salt,,1,,tablespoon,,black pepper,,1/4,,teaspoon,,parsley,,4,,tablespoons,,lasagna noodles,,12,,units,,ricotta cheese,,16,,ounces,,egg,,1,,unit,,salt,,1/2,,teaspoon,,mozzarella cheese,,3/4,,pound,,Parmesan cheese,,3/4,,cup,,1. In a Dutch oven, cook sausage, ground beef, onion, and garlic over medium heat until well browned. 2. Stir in crushed tomatoes, tomato paste, tomato sauce, and water. 3. Season with sugar, basil, fennel seeds, Italian seasoning, 1 tablespoon salt, pepper, and 2 tablespoons parsley. 4. Simmer, covered, for about 1 1/2 hours, stirring occasionally. 5. Bring a large pot of lightly salted water to a boil. 6. Cook lasagna noodles in boiling water for 8 to 10 minutes. 7. Drain noodles, and rinse with cold water. 8. In a mixing bowl, combine ricotta cheese with eggs, remaining parsley, and 1/2 teaspoon salt. 9. Preheat oven to 375 degrees F (190 degrees C). 10. To assemble, spread 1 1/2 cups of meat sauce in the bottom of a 9x13 inch baking dish. 11. Arrange 6 noodles lengthwise over meat sauce. 12. Spread with one half of the ricotta cheese mixture. 13. Top with a third of mozzarella cheese slices. 14. Spoon 1 1/2 cups meat sauce over mozzarella, and sprinkle with 1/4 cup Parmesan cheese. 15. Repeat layers, and top with remaining mozzarella and Parmesan cheese. 16. Cover with foil: to prevent sticking, either spray foil with cooking spray, or make sure the foil does not touch the cheese. 17. Bake in preheated oven for 25 minutes. 18. Remove foil, and bake an additional 25 minutes. 19. Cool for 15 minutes before serving
Best Brownies,,butter,,1/2,,cup,,white sugar,,1,,cup,,egg,,2,,units,,vanilla extract,,1,,teaspoon,,cocoa powder,,1/3,,cup,,all-purpose flour,,1/2,,cup,,salt,,1/4,,teaspoon,,baking powder,,1/4,,teaspoon,,butter,,3,,tablespoons,,cocoa powder,,3,,tablespoons,,honey,,1,,tablespoon,,vanilla extract,,1,,teaspoon,,confectioners' sugar,,1,,cup,,1. Preheat oven to 350 degrees F (175 degrees C). 2. Grease and flour an 8-inch square pan. 3. In a large saucepan, melt 1/2 cup butter. 4. Remove from heat, and stir in sugar, eggs, and 1 teaspoon vanilla. 5. Beat in 1/3 cup cocoa, 1/2 cup flour, salt, and baking powder. 6. Spread batter into prepared pan. 7. Bake in preheated oven for 25 to 30 minutes. 8. Do not overcook. 9. To Make Frosting: Combine 3 tablespoons butter, 3 tablespoons cocoa, honey, 1 teaspoon vanilla extract, and 1 cup confectioners' sugar. 10. Stir until smooth. 11. Frost brownies while they are still warm
Irish Soda Bread,,white sugar,,1/2,,cup,,all-purpose flour,,4,,cups,,baking powder,,2,,teaspoons,,baking soda,,1,,teaspoon,,salt,,3/4,,teaspoon,,raisins,,3,,cups,,caraway seed,,1,,tablespoon,,egg,,2,,units,,buttermilk,,1 1/4,,cups,,sour cream,,1,,cup,,1. Preheat oven to 350 degrees F (175 degrees C). 2. Grease a 9 inch round cast iron skillet or a 9 inch round baking or cake pan. 3. In a mixing bowl, combine flour (reserving 1 tablespoon), sugar, baking powder, baking soda, salt, raisins and caraway seeds. 4. In a small bowl, blend eggs, buttermilk and sour cream. 5. Stir the liquid mixture into flour mixture just until flour is moistened. 6. Knead dough in bowl about 10 to 12 strokes. 7. Dough will be sticky. 8. Place the dough in the prepared skillet or pan and pat down. 9. Cut a 4x3/4 inch deep slit in the top of the bread. 10. Dust with reserved flour, Bake in a preheated 350 degrees F (175 degrees C) oven for 65 to 75 minutes. 11. Let cool and turn bread onto a wire rack
Delicious Ham and Potato Soup,,potato,,3 1/2,,cups,,celery,,1/3,,cup,,onion,,1/3,,cup,,ham,,3/4,,cup,,water,,3 1/4,,cups,,chicken bouillon granules,,2,,tablespoons,,salt,,1/2,,teaspoon,,black pepper,,1,,teaspoon,,butter,,5,,tablespoons,,all-purpose flour,,5,,tablespoons,,milk,,2,,cups,,1. Combine the potatoes, celery, onion, ham and water in a stockpot. 2. Bring to a boil, then cook over medium heat until potatoes are tender, about 10 to 15 minutes. 3. Stir in the chicken bouillon, salt and pepper. 4. In a separate saucepan, melt butter over medium-low heat. 5. Whisk in flour with a fork, and cook, stirring constantly until thick, about 1 minute. 6. Slowly stir in milk as not to allow lumps to form until all of the milk has been added. 7. Continue stirring over medium-low heat until thick, 4 to 5 minutes. 8. Stir the milk mixture into the stockpot, and cook soup until heated through. 9. Serve immediately
Chicken Pot Pie IX,,skinless boneless chicken breast,,1,,pound,,sliced carrots,,1,,cup,,peas,,1,,cup,,celery,,1/2,,cup,,butter,,1/3,,cup,,onion,,1/3,,cup,,all-purpose flour,,1/3,,cup,,salt,,1/2,,teaspoon,,black pepper,,1/4,,teaspoon,,celery seed,,1/4,,teaspoon,,chicken broth,,1 3/4,,cups,,milk,,2/3,,cup,,pie crusts,,2,,units,,1. Preheat oven to 425 degrees F (220 degrees C) 2. In a saucepan, combine chicken, carrots, peas, and celery. 3. Add water to cover and boil for 15 minutes. 4. Remove from heat, drain and set aside. 5. In the saucepan over medium heat, cook onions in butter until soft and translucent. 6. Stir in flour, salt, pepper, and celery seed. 7. Slowly stir in chicken broth and milk. 8. Simmer over medium-low heat until thick. 9. Remove from heat and set aside. 10. Place the chicken mixture in bottom pie crust. 11. Pour hot liquid mixture over. 12. Cover with top crust, seal edges, and cut away excess dough. 13. Make several small slits in the top to allow steam to escape. 14. Bake in the preheated oven for 30 to 35 minutes, or until pastry is golden brown and filling is bubbly. 15. Cool for 10 minutes before serving
Fluffy Pancakes,,milk,,3/4,,cup,,white vinegar,,2,,tablespoons,,all-purpose flour,,1,,cup,,white sugar,,2,,tablespoons,,baking powder,,1,,teaspoon,,baking soda,,1/2,,teaspoon,,salt,,1/2,,teaspoon,,egg,,1,,unit,,butter,,2,,tablespoons,,1. Combine milk with vinegar in a medium bowl and set aside for 5 minutes to sour. 2. Combine flour, sugar, baking powder, baking soda, and salt in a large mixing bowl. 3. Whisk egg and butter into soured milk. 4. Pour the flour mixture into the wet ingredients and whisk until lumps are gone. 5. Heat a large skillet over medium heat, and coat with cooking spray. 6. Pour 1/4 cupfuls of batter onto the skillet, and cook until bubbles appear on the surface. 7. Flip with a spatula, and cook until browned on the other side
Good Old Fashioned Pancakes,,all-purpose flour,,1 1/2,,cups,,baking powder,,3 1/2,,teaspoons,,salt,,1,,teaspoon,,white sugar,,1,,tablespoon,,milk,,1 1/4,,cups,,egg,,1,,unit,,butter,,3,,tablespoons,,1. In a large bowl, sift together the flour, baking powder, salt and sugar. 2. Make a well in the center and pour in the milk, egg and melted butter; mix until smooth. 3. Heat a lightly oiled griddle or frying pan over medium high heat. 4. Pour or scoop the batter onto the griddle, using approximately 1/4 cup for each pancake. 5. Brown on both sides and serve hot
Banana Crumb Muffins,,all-purpose flour,,1 1/2,,cups,,baking soda,,1,,teaspoon,,baking powder,,1,,teaspoon,,salt,,1/2,,teaspoon,,bananas,,3,,units,,white sugar,,3/4,,cup,,egg,,1,,unit,,butter,,1/3,,cup,,brown sugar,,1/3,,cup,,all-purpose flour,,2,,tablespoons,,cinnamon,,1/8,,teaspoon,,butter,,1,,tablespoon,,1. Preheat oven to 375 degrees F (190 degrees C). 2. Lightly grease 10 muffin cups, or line with muffin papers. 3. In a large bowl, mix together 1 1/2 cups flour, baking soda, baking powder and salt. 4. In another bowl, beat together bananas, sugar, egg and melted butter. 5. Stir the banana mixture into the flour mixture just until moistened. 6. Spoon batter into prepared muffin cups. 7. In a small bowl, mix together brown sugar, 2 tablespoons flour and cinnamon. 8. Cut in 1 tablespoon butter until mixture resembles coarse cornmeal. 9. Sprinkle topping over muffins. 10. Bake in preheated oven for 18 to 20 minutes, until a toothpick inserted into center of a muffin comes out clean
Bailey's Irish Cream Brownies,,fudge brownie mix,,2,,packages,,Irish cream liqueur,,1,,cup,,vegetable oil,,2/3,,cup,,egg,,2,,units,,unsalted butter,,1,,cup,,Irish cream liqueur,,5,,tablespoons,,confectioners' sugar,,4,,cups,,1. Preheat oven to 350 degrees F (175 degrees C). 2. Butter the bottom of a 10 1/2x15 1/2-inch jelly roll pan. 3. Place fudge brownie mix into a large bowl; beat in 1 cup of Irish cream liqueur, vegetable oil, and eggs until the mixture forms a smooth batter. 4. Spread the batter into the prepared jelly roll pan. 5. Bake in the preheated oven until the brownies are set and a toothpick inserted into the center comes out clean, about 20 minutes. 6. Remove pan from oven and allow to cool completely. 7. Beat unsalted butter in a large bowl until smooth; beat in 5 tablespoons Irish cream liqueur until mixture is creamy. 8. Slowly beat in confectioners' sugar, 1 cup at a time, until frosting is desired stiffness; spread frosting on brownies to serve
Apple Pie by Grandma Ople,,pie crust pastry,,1,,unit,,unsalted butter,,1/2,,cup,,all-purpose flour,,3,,tablespoons,,water,,1/4,,cup,,white sugar,,1/2,,cup,,brown sugar,,1/2,,cup,,apple,,8,,units,,1. Preheat oven to 425 degrees F (220 degrees C). 2. Melt the butter in a saucepan. 3. Stir in flour to form a paste. 4. Add water, white sugar and brown sugar, and bring to a boil. 5. Reduce temperature and let simmer. 6. Place the bottom crust in your pan. 7. Fill with apples, mounded slightly. 8. Cover with a lattice work crust. 9. Gently pour the sugar and butter liquid over the crust. 10. Pour slowly so that it does not run off. 11. Bake 15 minutes in the preheated oven. 12. Reduce the temperature to 350 degrees F (175 degrees C). 13. Continue baking for 35 to 45 minutes, until apples are soft
Easy Irish Colcannon,,potato,,2,,pounds,,cabbage,,1,,head,,green onions,,1,,bunch,,butter,,1/4,,cup,,half-and-half cream,,1/2,,cup,,black pepper,,1,,pinch,,salt,,1,,pinch,,1. Place the potatoes, cabbage, and green onions into a large sauce pan, fill with water, and bring to a boil. 2. Reduce heat, cover, and simmer until the potatoes are tender, about 20 minutes. 3. Drain the vegetables and place into a large bowl. 4. Mash the potatoes and vegetables with the butter using a fork until the mixture is chunky, pouring in half-and-half gradually as you mash. 5. Season with salt and pepper, and serve
Ang's Balsamic Maple Chicken,,maple syrup,,2,,tablespoons,,balsamic syrup,,1,,tablespoon,,garlic powder,,1/4,,teaspoon,,cayenne pepper,,2,,pinches,,white pepper,,1,,pinch,,nutmeg,,1,,pinch,,chipotle pepper,,1,,pinch,,chicken breast,,3,,units,,olive oil,,1,,tablespoon,,1. Whisk maple syrup, balsamic vinegar, garlic powder, cayenne pepper, white pepper, nutmeg, and chipotle pepper together in a small bowl until rub is smooth. 2. Coat chicken on all sides with rub. 3. Heat olive oil in a large skillet over medium-high heat. 4. Cook chicken in hot oil until no longer pink in the center and juices run clear, 5 to 10 minutes per side. 5. An instant-read thermometer inserted into the center should read at least 165 degrees F (74 degrees C)
Zesty Slow Cooker Chicken Barbecue,,chicken breast,,46,,units,,barbeque sauce,,1,,bottle,,Italian salad dressing,,1/2,,cup,,brown sugar,,1/4,,cup,,Worcestershire sauce,,2,,tablespoons,,1. Place chicken in a slow cooker. 2. In a bowl, mix the barbecue sauce, Italian salad dressing, brown sugar, and Worcestershire sauce. 3. Pour over the chicken. 4. Cover, and cook 3 to 4 hours on High or 6 to 8 hours on Low
Chicken Cordon Bleu II,,chicken breast,,46,,units,,Swiss cheese,,6,,slices,,ham,,6,,slices,,all-purpose flour,,3,,tablespoons,,paprika,,1,,teaspoon,,butter,,6,,tablespoons,,dry white wine,,1/2,,cup,,chicken bouillon granules,,1,,teaspoon,,cornstarch,,1,,tablespoon,,heavy whipping cream,,1,,cup,,1. Pound chicken breasts if they are too thick. 2. Place a cheese and ham slice on each breast within 1/2 inch of the edges. 3. Fold the edges of the chicken over the filling, and secure with toothpicks. 4. Mix the flour and paprika in a small bowl, and coat the chicken pieces. 5. Heat the butter in a large skillet over medium-high heat, and cook the chicken until browned on all sides. 6. Add the wine and bouillon. 7. Reduce heat to low, cover, and simmer for 30 minutes, until chicken is no longer pink and juices run clear. 8. Remove the toothpicks, and transfer the breasts to a warm platter. 9. Blend the cornstarch with the cream in a small bowl, and whisk slowly into the skillet. 10. Cook, stirring until thickened, and pour over the chicken. 11. Serve warm
Chantal's New York Cheesecake,,graham crackers,,15,,units,,butter,,2,,tablespoons,,cream cheese,,4,,packages,,white sugar,,1 1/2,,cups,,milk,,3/4,,cup,,egg,,4,,units,,sour cream,,1,,cup,,vanilla extract,,1,,tablespoon,,all-purpose flour,,1/4,,cup,,1. Preheat oven to 350 degrees F (175 degrees C). 2. Grease a 9 inch springform pan. 3. In a medium bowl, mix graham cracker crumbs with melted butter. 4. Press onto bottom of springform pan. 5. In a large bowl, mix cream cheese with sugar until smooth. 6. Blend in milk, and then mix in the eggs one at a time, mixing just enough to incorporate. 7. Mix in sour cream, vanilla and flour until smooth. 8. Pour filling into prepared crust. 9. Bake in preheated oven for 1 hour. 10. Turn the oven off, and let cake cool in oven with the door closed for 5 to 6 hours; this prevents cracking. 11. Chill in refrigerator until serving
Baked Teriyaki Chicken,,cornstarch,,1,,tablespoon,,cold water,,1,,tablespoon,,white sugar,,1/2,,cup,,soy sauce,,1/2,,cup,,apple cider vinegar,,1/4,,cup,,garlic,,1,,clove,,ginger,,1/2,,teaspoon,,black pepper,,1/4,,teaspoon,,chicken thighs,,12,,skinless,,1. In a small saucepan over low heat, combine the cornstarch, cold water, sugar, soy sauce, vinegar, garlic, ginger and ground black pepper. 2. Let simmer, stirring frequently, until sauce thickens and bubbles. 3. Preheat oven to 425 degrees F (220 degrees C). 4. Place chicken pieces in a lightly greased 9x13 inch baking dish. 5. Brush chicken with the sauce. 6. Turn pieces over, and brush again. 7. Bake in the preheated oven for 30 minutes. 8. Turn pieces over, and bake for another 30 minutes, until no longer pink and juices run clear. 9. Brush with sauce every 10 minutes during cooking
Guacamole,,avocado,,3,,units,,lime,,1/4,,cup,,salt,,1,,teaspoon,,onion,,1/2,,cup,,cilantro,,3,,tablespoons,,tomato,,2,,units,,garlic,,1,,teaspoon,,cayenne pepper,,1,,pinch,,1. In a medium bowl, mash together the avocados, lime juice, and salt. 2. Mix in onion, cilantro, tomatoes, and garlic. 3. Stir in cayenne pepper. 4. Refrigerate 1 hour for best flavor, or serve immediately
Boilermaker Tailgate Chili,,beef,,2,,pounds,,Italian sausage,,1,,pound,,chili beans,,4,,can,,tomato,,2,,cans,,tomato paste,,1,,can,,onion,,1,,large,,celery,,3,,stalks,,bell pepper,,2,,units,,chile peppers,,2,,units,,bacon,,1,,tablespoon,,beef bouillon,,4,,cubes,,beer,,1/2,,cup,,chili powder,,1/4,,cup,,Worcestershire sauce,,1,,tablespoon,,garlic,,1,,tablespoon,,oregano,,1,,tablespoon,,cumin,,2,,teaspoons,,hot pepper sauce,,2,,teaspoons,,basil,,1,,teaspoon,,salt,,1,,teaspoon,,black pepper,,1,,teaspoon,,cayenne pepper,,1,,teaspoon,,paprika,,1,,teaspoon,,white sugar,,1,,teaspoon,,corn chips,,1,,bag,,shredded cheese,,1,,package,,1. Heat a large stock pot over medium-high heat. 2. Crumble the ground chuck and sausage into the hot pan, and cook until evenly browned. 3. Drain off excess grease. 4. Pour in the chili beans, spicy chili beans, tomatoes and tomato paste. 5. Add the onion, celery, green and red bell peppers, chile peppers, bacon bits, bouillon, and beer. 6. Season with chili powder, Worcestershire sauce, garlic, oregano, cumin, hot pepper sauce, basil, salt, pepper, cayenne, paprika, and sugar. 7. Stir to blend, then cover and simmer over low heat for at least 2 hours, stirring occasionally. 8. After 2 hours, taste, and adjust salt, pepper, and chili powder if necessary. 9. The longer the chili simmers, the better it will taste. 10. Remove from heat and serve, or refrigerate, and serve the next day. 11. To serve, ladle into bowls, and top with corn chips and shredded Cheddar cheese
Baked Pork Chops I,,pork chops,,4,,units,,garlic powder,,1,,teaspoon,,seasoning salt,,1,,teaspoon,,egg,,2,,units,,all-purpose flour,,1/4,,cup,,bread crumbs,,2,,cups,,olive oil,,4,,tablespoons,,condensed cream of mushroom soup,,1,,can,,milk,,1/2,,cup,,white wine,,1/3,,cup,,1. Preheat oven to 350 degrees F (175 degrees C). 2. Rinse pork chops, pat dry, and season with garlic powder and seasoning salt to taste. 3. Place the beaten eggs in a small bowl. 4. Dredge the pork chops lightly in flour, dip in the eggs, and coat liberally with bread crumbs. 5. Heat the oil in a medium skillet over medium-high heat. 6. Fry the pork chops 5 minutes per side, or until the breading appears well browned. 7. Transfer the chops to a 9x13 inch baking dish, and cover with foil. 8. Bake in the preheated oven for 1 hour. 9. While baking, combine the cream of mushroom soup, milk and white wine in a medium bowl. 10. After the pork chops have baked for an hour, cover them with the soup mixture. 11. Replace foil, and bake for another 30 minutes
Easy Sugar Cookies,,all-purpose flour,,2 3/4,,cups,,baking soda,,1,,teaspoon,,baking powder,,1/2,,teaspoon,,butter,,1,,cup,,white sugar,,1 1/2,,cups,,egg,,1,,unit,,vanilla extract,,1,,teaspoon,,1. Preheat oven to 375 degrees F (190 degrees C). 2. In a small bowl, stir together flour, baking soda, and baking powder. 3. Set aside. 4. In a large bowl, cream together the butter and sugar until smooth. 5. Beat in egg and vanilla. 6. Gradually blend in the dry ingredients. 7. Roll rounded teaspoonfuls of dough into balls, and place onto ungreased cookie sheets. 8. Bake 8 to 10 minutes in the preheated oven, or until golden. 9. Let stand on cookie sheet two minutes before removing to cool on wire racks
Slow Cooker Chicken Taco Soup,,onion,,1,,unit,,chili beans,,1,,can,,black beans,,1,,can,,corn,,1,,can,,tomato sauce,,1,,can,,beer,,1,,can,,tomato,,2,,cans,,taco seasoning,,1,,package,,chicken breast,,3,,units,,shredded cheese,,1,,cup,,sour cream,,1,,cup,,tortilla chips,,1,,bag,,1. Place the onion, chili beans, black beans, corn, tomato sauce, beer, and tomatoes in a slow cooker. 2. Add taco seasoning, and stir to blend. 3. Lay chicken breasts on top of the mixture, pressing down slightly until just covered by the other ingredients. 4. Set slow cooker for low heat, cover, and cook for 5 hours. 5. Remove chicken breasts from the soup, and allow to cool long enough to be handled. 6. Stir the shredded chicken back into the soup, and continue cooking for 2 hours. 7. Serve topped with shredded Cheddar cheese, a dollop of sour cream, and crushed tortilla chips, if desired
Grandmother's Buttermilk Cornbread,,butter,,1/2,,cup,,white sugar,,2/3,,cup,,egg,,2,,units,,buttermilk,,1,,cup,,baking soda,,1/2,,teaspoon,,cornmeal,,1,,cup,,all-purpose flour,,1,,cup,,salt,,1/2,,teaspoon,,1. Preheat oven to 375 degrees F (175 degrees C). 2. Grease an 8 inch square pan. 3. Melt butter in large skillet. 4. Remove from heat and stir in sugar. 5. Quickly add eggs and beat until well blended. 6. Combine buttermilk with baking soda and stir into mixture in pan. 7. Stir in cornmeal, flour, and salt until well blended and few lumps remain. 8. Pour batter into the prepared pan. 9. Bake in the preheated oven for 30 to 40 minutes, or until a toothpick inserted in the center comes out clean
Baked Ziti I,,dry ziti pasta,,1,,pound,,onion,,1,,unit,,lean ground beef,,1,,pound,,spaghetti sauce,,2,,jars,,provolone cheese,,6,,ounces,,sour cream,,1 1/2,,cups,,mozzarella cheese,,6,,ounces,,Parmesan cheese,,2,,tablespoons,,1. Bring a large pot of lightly salted water to a boil. 2. Add ziti pasta, and cook until al dente, about 8 minutes; drain. 3. In a large skillet, brown onion and ground beef over medium heat. 4. Add spaghetti sauce, and simmer 15 minutes. 5. Preheat the oven to 350 degrees F (175 degrees C). 6. Butter a 9x13 inch baking dish. 7. Layer as follows: 1/2 of the ziti, Provolone cheese, sour cream, 1/2 sauce mixture, remaining ziti, mozzarella cheese and remaining sauce mixture. 8. Top with grated Parmesan cheese. 9. Bake for 30 minutes in the preheated oven, or until cheeses are melted
Janet's Rich Banana Bread,,butter,,1/2,,cup,,white sugar,,1,,cup,,egg,,2,,units,,vanilla extract,,1,,teaspoon,,all-purpose flour,,1 1/2,,cups,,baking soda,,1,,teaspoon,,salt,,1/2,,teaspoon,,sour cream,,1/2,,cup,,walnuts,,1/2,,cup,,banana,,2,,medium,,1. Preheat oven to 350 degrees F (175 degrees C). 2. Grease a 9x5 inch loaf pan. 3. In a large bowl, stir together the melted butter and sugar. 4. Add the eggs and vanilla, mix well. 5. Combine the flour, baking soda and salt, stir into the butter mixture until smooth. 6. Finally, fold in the sour cream, walnuts and bananas. 7. Spread evenly into the prepared pan. 8. Bake at 350 degrees F (175 degrees C) for 60 minutes, or until a toothpick inserted into the center of the loaf comes out clean. 9. Cool loaf in the pan for 10 minutes before removing to a wire rack to cool completely
Big Soft Ginger Cookies,,all-purpose flour,,2 1/4,,cups,,ginger,,2,,teaspoons,,baking soda,,1,,teaspoon,,cinnamon,,3/4,,teaspoon,,cloves,,1/2,,teaspoon,,salt,,1/4,,teaspoon,,margarine,,3/4,,cup,,white sugar,,1,,cup,,egg,,1,,unit,,water,,1,,tablespoon,,molasses,,1/4,,cup,,white sugar,,2,,tablespoons,,1. Preheat oven to 350 degrees F (175 degrees C). 2. Sift together the flour, ginger, baking soda, cinnamon, cloves, and salt. 3. Set aside. 4. In a large bowl, cream together the margarine and 1 cup sugar until light and fluffy. 5. Beat in the eggs, then stir in the water and molasses. 6. Gradually stir the sifted ingredients into the molasses mixture. 7. Shape dough into walnut sized balls, and roll them in the remaining 2 tablespoons of sugar. 8. Place the cookies 2 inches apart onto an ungreased cookie sheet, and flatten slightly. 9. Bake for 8 to 10 minutes in the preheated oven. 10. Allow cookies to cool on baking sheet for 5 minutes before removing to a wire rack to cool completely. 11. Store in an airtight container
Mrs. Sigg's Snickerdoodles,,butter,,1/2,,cup,,shortening,,1/2,,cup,,white sugar,,1 1/2,,cups,,egg,,2,,units,,vanilla extract,,2,,teaspoons,,all-purpose flour,,2 3/4,,cups,,cream of tartar,,2,,teaspoons,,baking soda,,1,,teaspoon,,salt,,1/4,,teaspoon,,white sugar,,2,,tablespoons,,cinnamon,,2,,teaspoons,,1. Preheat oven to 400 degrees F (200 degrees C). 2. Cream together butter, shortening, 1 1/2 cups sugar, the eggs and the vanilla. 3. Blend in the flour, cream of tartar, soda and salt. 4. Shape dough by rounded spoonfuls into balls. 5. Mix the 2 tablespoons sugar and the cinnamon. 6. Roll balls of dough in mixture. 7. Place 2 inches apart on ungreased baking sheets. 8. Bake 8 to 10 minutes, or until set but not too hard. 9. Remove immediately from baking sheets
Taco Seasoning I,,chili powder,,1,,tablespoon,,garlic powder,,1/4,,teaspoon,,onion powder,,1/4,,teaspoon,,crushed red pepper flakes,,1/4,,teaspoon,,oregano,,1/4,,teaspoon,,paprika,,1/2,,teaspoon,,cumin,,1 1/2,,teaspoons,,sea salt,,1,,teaspoon,,black pepper,,1,,teaspoon,,1. In a small bowl, mix together chili powder, garlic powder, onion powder, red pepper flakes, oregano, paprika, cumin, salt and pepper. 2. Store in an airtight container
Sloppy Joes II,,lean ground beef,,1,,pound,,onion,,1/4,,cup,,green bell pepper,,1/4,,cup,,garlic powder,,1/2,,teaspoon,,yellow mustard,,1,,teaspoon,,ketchup,,3/4,,cup,,brown sugar,,3,,teaspoons,,salt,,1,,pinch,,black pepper,,1,,pinch,,1. In a medium skillet over medium heat, brown the ground beef, onion, and green pepper; drain off liquids. 2. Stir in the garlic powder, mustard, ketchup, and brown sugar; mix thoroughly. 3. Reduce heat, and simmer for 30 minutes. 4. Season with salt and pepper
Clone of a Cinnabon,,milk,,1,,cup,,egg,,2,,units,,margarine,,1/3,,cup,,bread flour,,4 1/2,,cups,,salt,,1,,teaspoon,,white sugar,,1/2,,cup,,yeast,,2 1/2,,teaspoons,,brown sugar,,1,,cup,,cinnamon,,2 1/2,,tablespoons,,butter,,1/3,,cup,,cream cheese,,1,,package,,butter,,1/4,,cup,,confectioners' sugar,,1 1/2,,cups,,vanilla extract,,1/2,,teaspoon,,salt,,1/8,,teaspoon,,1. Place ingredients in the pan of the bread machine in the order recommended by the manufacturer. 2. Select dough cycle; press Start. 3. After the dough has doubled in size turn it out onto a lightly floured surface, cover and let rest for 10 minutes. 4. In a small bowl, combine brown sugar and cinnamon. 5. Roll dough into a 16x21-inch rectangle. 6. Spread dough with 1/3 cup butter and sprinkle evenly with sugar/cinnamon mixture. 7. Roll up dough and cut into 12 rolls. 8. Place rolls in a lightly greased 9x13 inch baking pan. 9. Cover and let rise until nearly doubled, about 30 minutes. 10. Meanwhile, preheat oven to 400 degrees F (200 degrees C). 11. Bake rolls in preheated oven until golden brown, about 15 minutes. 12. While rolls are baking, beat together cream cheese, 1/4 cup butter, confectioners' sugar, vanilla extract and salt. 13. Spread frosting on warm rolls before serving
Too Much Chocolate Cake,,devil's food cake mix,,1,,package,,instant chocolate pudding mix,,1,,package,,sour cream,,1,,cup,,vegetable oil,,1,,cup,,egg,,4,,units,,water,,1/2,,cup,,chocolate chips,,2,,cups,,1. Preheat oven to 350 degrees F (175 degrees C). 2. In a large bowl, mix together the cake and pudding mixes, sour cream, oil, beaten eggs and water. 3. Stir in the chocolate chips and pour batter into a well greased 12 cup bundt pan. 4. Bake for 50 to 55 minutes, or until top is springy to the touch and a wooden toothpick inserted comes out clean. 5. Cool cake thoroughly in pan at least an hour and a half before inverting onto a plate If desired, dust the cake with powdered sugar
Carrot Cake III,,egg,,4,,units,,vegetable oil,,1 1/4,,cups,,white sugar,,2,,cups,,vanilla extract,,2,,teaspoons,,all-purpose flour,,2,,cups,,baking soda,,2,,teaspoons,,baking powder,,2,,teaspoons,,salt,,1/2,,teaspoon,,cinnamon,,2,,teaspoons,,grated carrots,,3,,cups,,pecans,,1,,cup,,butter,,1/2,,cup,,cream cheese,,8,,ounces,,confectioners' sugar,,4,,cups,,vanilla extract,,1,,teaspoon,,pecans,,1,,cup,,1. Preheat oven to 350 degrees F (175 degrees C). 2. Grease and flour a 9x13 inch pan. 3. In a large bowl, beat together eggs, oil, white sugar and 2 teaspoons vanilla. 4. Mix in flour, baking soda, baking powder, salt and cinnamon. 5. Stir in carrots. 6. Fold in pecans. 7. Pour into prepared pan. 8. Bake in the preheated oven for 40 to 50 minutes, or until a toothpick inserted into the center of the cake comes out clean. 9. Let cool in pan for 10 minutes, then turn out onto a wire rack and cool completely. 10. To Make Frosting: In a medium bowl, combine butter, cream cheese, confectioners' sugar and 1 teaspoon vanilla. 11. Beat until the mixture is smooth and creamy. 12. Stir in pecans. 13. Frost the cooled cake
Apple Crisp II,,apple,,10,,cups,,white sugar,,1,,cup,,all-purpose flour,,1,,tablespoon,,cinnamon,,1,,teaspoon,,water,,1/2,,cup,,oats,,1,,cup,,all-purpose flour,,1,,cup,,brown sugar,,1,,cup,,baking powder,,1/4,,teaspoon,,baking soda,,1/4,,teaspoon,,butter,,1/2,,cup,,1. Preheat oven to 350 degrees F (175 degree C). 2. Place the sliced apples in a 9x13 inch pan. 3. Mix the white sugar, 1 tablespoon flour and ground cinnamon together, and sprinkle over apples. 4. Pour water evenly over all. 5. Combine the oats, 1 cup flour, brown sugar, baking powder, baking soda and melted butter together. 6. Crumble evenly over the apple mixture. 7. Bake at 350 degrees F (175 degrees C) for about 45 minutes
Amish White Bread,,water,,2,,cups,,white sugar,,2/3,,cup,,yeast,,1 1/2,,tablespoons,,salt,,1 1/2,,teaspoons,,vegetable oil,,1/4,,cup,,flour,,6,,cups,,1. In a large bowl, dissolve the sugar in warm water, and then stir in yeast. 2. Allow to proof until yeast resembles a creamy foam. 3. Mix salt and oil into the yeast. 4. Mix in flour one cup at a time. 5. Knead dough on a lightly floured surface until smooth. 6. Place in a well oiled bowl, and turn dough to coat. 7. Cover with a damp cloth. 8. Allow to rise until doubled in bulk, about 1 hour. 9. Punch dough down. 10. Knead for a few minutes, and divide in half. 11. Shape into loaves, and place into two well oiled 9x5 inch loaf pans. 12. Allow to rise for 30 minutes, or until dough has risen 1 inch above pans. 13. Bake at 350 degrees F (175 degrees C) for 30 minutes
Creamy Au Gratin Potatoes,,potato,,4,,units,,onion,,1,,unit,,black pepper,,1,,pinch,,salt,,1,,pinch,,butter,,3,,tablespoons,,all-purpose flour,,3,,tablespoons,,salt,,1/2,,teaspoon,,milk,,2,,cups,,shredded cheese,,1 1/2,,cups,,1. Preheat oven to 400 degrees F (200 degrees C). 2. Butter a 1 quart casserole dish. 3. Layer 1/2 of the potatoes into bottom of the prepared casserole dish. 4. Top with the onion slices, and add the remaining potatoes. 5. Season with salt and pepper to taste. 6. In a medium-size saucepan, melt butter over medium heat. 7. Mix in the flour and salt, and stir constantly with a whisk for one minute. 8. Stir in milk. 9. Cook until mixture has thickened. 10. Stir in cheese all at once, and continue stirring until melted, about 30 to 60 seconds. 11. Pour cheese over the potatoes, and cover the dish with aluminum foil. 12. Bake 1 1/2 hours in the preheated oven
Garlic Chicken,,olive oil,,1/4,,cup,,garlic,,2,,cloves,,bread crumbs,,1/4,,cup,,Parmesan cheese,,1/4,,cup,,chicken breast,,4,,units,,1. Preheat oven to 425 degrees F (220 degrees C). 2. Heat olive oil and garlic in a small saucepan over low heat until warmed, 1 to 2 minutes. 3. Transfer garlic and oil to a shallow bowl. 4. Combine bread crumbs and Parmesan cheese in a separate shallow bowl. 5. Dip chicken breasts in the olive oil-garlic mixture using tongs; transfer to bread crumb mixture and turn to evenly coat. 6. Transfer coated chicken to a shallow baking dish. 7. Bake in the preheated oven until no longer pink and juices run clear, 30 to 35 minutes. 8. An instant-read thermometer inserted into the center should read at least 165 degrees F (74 degrees C)
Grilled Salmon I,,salmon fillets,,1 1/2,,pounds,,lemon pepper,,1,,pinch,,garlic powder,,1,,pinch,,salt,,1,,pinch,,soy sauce,,1/3,,cup,,brown sugar,,1/3,,cup,,water,,1/3,,cup,,vegetable oil,,1/4,,cup,,1. Season salmon fillets with lemon pepper, garlic powder, and salt. 2. In a small bowl, stir together soy sauce, brown sugar, water, and vegetable oil until sugar is dissolved. 3. Place fish in a large resealable plastic bag with the soy sauce mixture, seal, and turn to coat. 4. Refrigerate for at least 2 hours. 5. Preheat grill for medium heat. 6. Lightly oil grill grate. 7. Place salmon on the preheated grill, and discard marinade. 8. Cook salmon for 6 to 8 minutes per side, or until the fish flakes easily with a fork
Buffalo Chicken Dip,,chicken,,2,,cups,,cream cheese,,2,,packages,,Ranch dressing,,1,,cup,,pepper sauce,,3/4,,cup,,shredded cheese,,1 1/2,,cups,,celery,,1,,bunch,,crackers,,1,,box,,1. Heat chicken and hot sauce in a skillet over medium heat, until heated through. 2. Stir in cream cheese and ranch dressing. 3. Cook, stirring until well blended and warm. 4. Mix in half of the shredded cheese, and transfer the mixture to a slow cooker. 5. Sprinkle the remaining cheese over the top, cover, and cook on Low setting until hot and bubbly. 6. Serve with celery sticks and crackers
Salsa Chicken,,chicken breast,,4,,units,,taco seasoning,,4,,teaspoons,,salsa,,1,,cup,,shredded cheese,,1,,cup,,sour cream,,2,,tablespoons,,1. Preheat oven to 375 degrees F (190 degrees C), Place chicken breasts in a lightly greased 9x13 inch baking dish. 2. Sprinkle taco seasoning on both sides of chicken breasts, and pour salsa over all. 3. Bake at 375 degrees F (190 degrees C) for 25 to 35 minutes, or until chicken is tender and juicy and its juices run clear. 4. Sprinkle chicken evenly with cheese, and continue baking for an additional 3 to 5 minutes, or until cheese is melted and bubbly. 5. Top with sour cream if desired, and serve
Quick and Easy Alfredo Sauce,,butter,,1/2,,cup,,cream cheese,,1,,package,,garlic powder,,2,,teaspoons,,milk,,2,,cups,,grated Parmesan cheese,,6,,ounces,,black pepper,,1/8,,teaspoon,,1. Melt butter in a medium, non-stick saucepan over medium heat. 2. Add cream cheese and garlic powder, stirring with wire whisk until smooth. 3. Add milk, a little at a time, whisking to smooth out lumps. 4. Stir in Parmesan and pepper. 5. Remove from heat when sauce reaches desired consistency. 6. Sauce will thicken rapidly, thin with milk if cooked too long. 7. Toss with hot pasta to serve
Chewy Chocolate Chip Oatmeal Cookies,,butter,,1,,cup,,brown sugar,,1,,cup,,white sugar,,1/2,,cup,,egg,,2,,units,,vanilla extract,,2,,teaspoons,,all-purpose flour,,1 1/4,,cups,,baking soda,,1/2,,teaspoon,,salt,,1,,teaspoon,,oats,,3,,cups,,walnuts,,1,,cup,,chocolate chips,,1,,cup,,1. Preheat the oven to 325 degrees F (165 degrees C). 2. In a large bowl, cream together the butter, brown sugar, and white sugar until smooth. 3. Beat in eggs one at a time, then stir in vanilla. 4. Combine the flour, baking soda, and salt; stir into the creamed mixture until just blended. 5. Mix in the quick oats, walnuts, and chocolate chips. 6. Drop by heaping spoonfuls onto ungreased baking sheets. 7. Bake for 12 minutes in the preheated oven. 8. Allow cookies to cool on baking sheet for 5 minutes before transferring to a wire rack to cool completely
Chicken Marsala,,all-purpose flour,,1/4,,cup,,salt,,1/2,,teaspoon,,black pepper,,1/4,,teaspoon,,oregano,,1/2,,teaspoon,,chicken breast,,4,,units,,butter,,4,,tablespoons,,olive oil,,4,,tablespoons,,sliced mushroom,,1,,cup,,Marsala wine,,1/2,,cup,,cooking sherry,,1/4,,cup,,1. In a shallow dish or bowl, mix together the flour, salt, pepper and oregano. 2. Coat chicken pieces in flour mixture. 3. In a large skillet, melt butter in oil over medium heat. 4. Place chicken in the pan, and lightly brown. 5. Turn over chicken pieces, and add mushrooms. 6. Pour in wine and sherry. 7. Cover skillet; simmer chicken 10 minutes, turning once, until no longer pink and juices run clear
Slow-Cooker Chicken Tortilla Soup,,chicken,,1,,pound,,tomato,,1,,cup,,enchilada sauce,,1,,can,,onion,,1,,unit,,chile peppers,,1,,can,,garlic,,2,,cloves,,water,,2,,cups,,chicken broth,,1,,can,,cumin,,1,,teaspoon,,chili powder,,1,,teaspoon,,salt,,1,,teaspoon,,black pepper,,1/4,,teaspoon,,bay leaf,,1,,unit,,corn,,1,,cup,,cilantro,,1,,tablespoon,,tortilla,,7,,units,,oil,,1/2,,cup,,1. Place chicken, tomatoes, enchilada sauce, onion, green chiles, and garlic into a slow cooker. 2. Pour in water and chicken broth, and season with cumin, chili powder, salt, pepper, and bay leaf. 3. Stir in corn and cilantro. 4. Cover, and cook on Low setting for 6 to 8 hours or on High setting for 3 to 4 hours. 5. Preheat oven to 400 degrees F (200 degrees C). 6. Lightly brush both sides of tortillas with oil. 7. Cut tortillas into strips, then spread on a baking sheet. 8. Bake in preheated oven until crisp, about 10 to 15 minutes. 9. To serve, sprinkle tortilla strips over soup
Creamy Rice Pudding,,rice,,3/4,,cup,,milk,,2,,cups,,white sugar,,1/3,,cup,,salt,,1/4,,teaspoon,,egg,,1,,unit,,raisins,,2/3,,cup,,butter,,1,,tablespoon,,vanilla extract,,1/2,,teaspoon,,1. Bring 1 1/2 cups water to a boil in a saucepan; stir rice into boiling water. 2. Reduce heat to low, cover, and simmer for 20 minutes. 3. In a clean saucepan, combine 1 1/2 cups cooked rice, 1 1/2 cups milk, sugar and salt. 4. Cook over medium heat until thick and creamy, 15 to 20 minutes. 5. Stir in remaining 1/2 cup milk, beaten eggs, and raisins; cook 2 minutes more, stirring constantly. 6. Remove from heat and stir in butter and vanilla
Banana Sour Cream Bread,,white sugar,,1/4,,cup,,cinnamon,,1,,teaspoon,,butter,,3/4,,cup,,white sugar,,3,,cups,,egg,,3,,units,,banana,,6,,units,,sour cream,,1,,container,,vanilla extract,,2,,teaspoons,,cinnamon,,2,,teaspoons,,salt,,1/2,,teaspoon,,baking soda,,3,,teaspoons,,all-purpose flour,,4 1/2,,cups,,walnuts,,1,,cup,,1. Preheat oven to 300 degrees F (150 degrees C). 2. Grease four 7x3 inch loaf pans. 3. In a small bowl, stir together 1/4 cup white sugar and 1 teaspoon cinnamon. 4. Dust pans lightly with cinnamon and sugar mixture. 5. In a large bowl, cream butter and 3 cups sugar. 6. Mix in eggs, mashed bananas, sour cream, vanilla and cinnamon. 7. Mix in salt, baking soda and flour. 8. Stir in nuts. 9. Divide into prepared pans. 10. Bake for 1 hour, until a toothpick inserted in center comes out clean
Quinoa and Black Beans,,vegetable oil,,1,,teaspoon,,onion,,1,,unit,,garlic,,3,,cloves,,quinoa,,3/4,,cup,,vegetable broth,,1 1/2,,cups,,cumin,,1,,teaspoon,,cayenne pepper,,1/4,,teaspoon,,black pepper,,1,,pinch,,salt,,1,,pinch,,corn,,1,,cup,,black beans,,2,,cans,,cilantro,,1/2,,cup,,1. Heat oil in a saucepan over medium heat; cook and stir onion and garlic until lightly browned, about 10 minutes. 2. Mix quinoa into onion mixture and cover with vegetable broth; season with cumin, cayenne pepper, salt, and pepper. 3. Bring the mixture to a boil. 4. Cover, reduce heat, and simmer until quinoa is tender and broth is absorbed, about 20 minutes. 5. Stir frozen corn into the saucepan, and continue to simmer until heated through, about 5 minutes; mix in the black beans and cilantro
Easy Meatloaf,,beef,,1 1/2,,pounds,,egg,,1,,unit,,onion,,1,,unit,,milk,,1,,cup,,bread crumbs,,1,,cup,,black pepper,,1,,pinch,,salt,,1,,pinch,,brown sugar,,2,,tablespoons,,mustard,,2,,tablespoons,,ketchup,,1/3,,cup,,1. Preheat oven to 350 degrees F (175 degrees C). 2. In a large bowl, combine the beef, eggs, onion, milk and bread OR cracker crumbs. 3. Season with salt and pepper to taste and place in a lightly greased 5x9 inch loaf pan, OR form into a loaf and place in a lightly greased 9x13 inch baking dish. 4. In a separate small bowl, combine the brown sugar, mustard and ketchup. 5. Mix well and pour over the meatloaf. 6. Bake at 350 degrees F (175 degrees C) for 1 hour
Annie's Fruit Salsa and Cinnamon Chips,,kiwi,,2,,units,,apple,,2,,units,,raspberry,,8,,ounces,,strawberry,,1,,pound,,white sugar,,2,,tablespoons,,brown sugar,,1,,tablespoon,,fruit preserve,,3,,tablespoons,,tortilla,,10,,units,,butter,,1,,tablespoon,,cinnamon sugar,,2,,tablespoons,,1. In a large bowl, thoroughly mix kiwis, Golden Delicious apples, raspberries, strawberries, white sugar, brown sugar and fruit preserves. 2. Cover and chill in the refrigerator at least 15 minutes. 3. Preheat oven to 350 degrees F (175 degrees C). 4. Coat one side of each flour tortilla with butter flavored cooking spray. 5. Cut into wedges and arrange in a single layer on a large baking sheet. 6. Sprinkle wedges with desired amount of cinnamon sugar. 7. Spray again with cooking spray. 8. Bake in the preheated oven 8 to 10 minutes. 9. Repeat with any remaining tortilla wedges. 10. Allow to cool approximately 15 minutes. 11. Serve with chilled fruit mixture
Chicken Enchiladas II,,butter,,1,,tablespoon,,green onion,,1/2,,cup,,garlic powder,,1/2,,teaspoon,,green chile,,1,,can,,condensed cream of mushroom soup,,1,,can,,sour cream,,1/2,,cup,,chicken breast,,1 1/2,,cups,,shredded cheese,,1,,cup,,tortilla,,6,,units,,milk,,1/4,,cup,,1. Preheat oven to 350 degrees F (175 degrees C). 2. Lightly grease a large baking dish. 3. In a medium saucepan over medium heat, melt the butter and saute the green onion until tender (about 3 to 4 minutes). 4. Add the garlic powder, then stir in the green chiles, cream of mushroom soup and sour cream. 5. Mix well. 6. Reserve 3/4 of this sauce and set aside. 7. To the remaining 1/4 of the sauce in the saucepan, add the chicken and 1/2 cup of shredded Cheddar cheese. 8. Stir together. 9. Fill each flour tortilla with the chicken mixture and roll up. 10. Place seam side down in the prepared baking dish. 11. In a small bowl combine the reserved 3/4 of the sauce with the milk. 12. Spoon this mixture over the rolled tortillas and top with the remaining 1/2 cup of shredded Cheddar cheese. 13. Bake in the preheated oven for 30 to 35 minutes, or until cheese is bubbly
Slow Cooker Pulled Pork,,pork tenderloin,,1,,unit,,root beer,,1,,can,,barbecue sauce,,1,,bottle,,hamburger bun,,8,,units,,1. Place the pork tenderloin in a slow cooker; pour the root beer over the meat. 2. Cover and cook on low until well cooked and the pork shreds easily, 6 to 7 hours. 3. Note: the actual length of time may vary according to individual slow cooker. 4. Drain well. 5. Stir in barbecue sauce. 6. Serve over hamburger buns
Cream Cheese Frosting II,,cream cheese,,2,,packages,,butter,,1/2,,cup,,confectioners' sugar,,2,,cups,,vanilla extract,,1,,teaspoon,,1. In a medium bowl, cream together the cream cheese and butter until creamy. 2. Mix in the vanilla, then gradually stir in the confectioners' sugar. 3. Store in the refrigerator after use
Beth's Spicy Oatmeal Raisin Cookies,,butter,,1/2,,cup,,shortening,,1/2,,cup,,brown sugar,,1,,cup,,white sugar,,1/2,,cup,,egg,,2,,units,,vanilla extract,,1,,teaspoon,,all-purpose flour,,1 1/2,,cups,,baking soda,,1,,teaspoon,,cinnamon,,1,,teaspoon,,cloves,,1/2,,teaspoon,,salt,,1/2,,teaspoon,,rolled oats,,3,,cups,,raisins,,1,,cup,,1. Preheat oven to 350 degrees F (175 degrees C). 2. In a large bowl, cream together the butter, butter flavored shortening, brown sugar, white sugar, eggs, and vanilla until smooth. 3. Combine the flour, baking soda, cinnamon, cloves, and salt; stir into the sugar mixture. 4. Stir in the oats and raisins. 5. Drop by rounded teaspoonfuls onto ungreased cookie sheets. 6. Bake 10 to 12 minutes until light and golden. 7. Do not overbake. 8. Let them cool for 2 minutes before removing from cookie sheets to cool completely. 9. Store in airtight container. 10. Make sure you get some, because they don't last long
Maple Salmon,,maple syrup,,1/4,,cup,,soy sauce,,2,,tablespoons,,garlic,,1,,clove,,garlic salt,,1/4,,teaspoon,,black pepper,,1/8,,teaspoon,,salmon,,1,,pound,,1. In a small bowl, mix the maple syrup, soy sauce, garlic, garlic salt, and pepper. 2. Place salmon in a shallow glass baking dish, and coat with the maple syrup mixture. 3. Cover the dish, and marinate salmon in the refrigerator 30 minutes, turning once. 4. Preheat oven to 400 degrees F (200 degrees C). 5. Place the baking dish in the preheated oven, and bake salmon uncovered 20 minutes, or until easily flaked with a fork
Slow Cooker Beef Stew I,,beef,,2,,pounds,,all-purpose flour,,1/4,,cup,,salt,,1/2,,teaspoon,,black pepper,,1/2,,teaspoon,,garlic,,1,,clove,,bay leaf,,1,,unit,,paprika,,1,,teaspoon,,Worcestershire sauce,,1,,teaspoon,,onion,,1,,unit,,beef broth,,1 1/2,,cups,,potato,,3,,units,,carrot,,4,,units,,celery,,1,,stalk,,1. Place meat in slow cooker. 2. In a small bowl mix together the flour, salt, and pepper; pour over meat, and stir to coat meat with flour mixture. 3. Stir in the garlic, bay leaf, paprika, Worcestershire sauce, onion, beef broth, potatoes, carrots, and celery. 4. Cover, and cook on Low setting for 10 to 12 hours, or on High setting for 4 to 6 hours
Brooke's Best Bombshell Brownies,,butter,,1,,cup,,white sugar,,3,,cups,,vanilla extract,,1,,tablespoon,,egg,,4,,units,,all-purpose flour,,1 1/2,,cups,,cocoa powder,,1,,cup,,salt,,1,,teaspoon,,chocolate chips,,1,,cup,,1. Preheat oven to 350 degrees F (175 degrees C). 2. Lightly grease a 9x13 baking dish. 3. Combine the melted butter, sugar, and vanilla in a large bowl. 4. Beat in the eggs, one at a time, mixing well after each, until thoroughly blended. 5. Sift the flour, cocoa powder, and salt in a bowl. 6. Gradually stir flour mixture into the egg mixture until blended. 7. Stir in the chocolate morsels. 8. Spread the batter evenly into the prepared baking dish. 9. Bake in preheated oven until an inserted toothpick comes out clean, 35 to 40 minutes. 10. Remove, and cool pan on wire rack before cutting
Fluffy French Toast,,all-purpose flour,,1/4,,cup,,milk,,1,,cup,,salt,,1,,pinch,,egg,,3,,units,,cinnamon,,1/2,,teaspoon,,vanilla extract,,1,,teaspoon,,white sugar,,1,,tablespoon,,bread,,12,,slices,,1. Measure flour into a large mixing bowl. 2. Slowly whisk in the milk. 3. Whisk in the salt, eggs, cinnamon, vanilla extract and sugar until smooth. 4. Heat a lightly oiled griddle or frying pan over medium heat. 5. Soak bread slices in mixture until saturated. 6. Cook bread on each side until golden brown. 7. Serve hot
Slow Cooker Beef Stroganoff I,,beef,,1,,pound,,condensed golden mushroom soup,,1,,can,,onion,,1/2,,cup,,Worcestershire sauce,,1,,tablespoon,,water,,1/4,,cup,,cream cheese,,4,,ounces,,1. In a slow cooker, combine the meat, soup, onion, Worcestershire sauce and water. 2. Cook on Low setting for 8 hours, or on High setting for about 5 hours. 3. Stir in cream cheese just before serving
Soft Oatmeal Cookies,,butter,,1,,cup,,white sugar,,1,,cup,,brown sugar,,1,,cup,,egg,,2,,units,,vanilla extract,,1,,teaspoon,,all-purpose flour,,2,,cups,,baking soda,,1,,teaspoon,,salt,,1,,teaspoon,,cinnamon,,1 1/2,,teaspoons,,quick cooking oats,,3,,cups,,1. In a medium bowl, cream together butter, white sugar, and brown sugar. 2. Beat in eggs one at a time, then stir in vanilla. 3. Combine flour, baking soda, salt, and cinnamon; stir into the creamed mixture. 4. Mix in oats. 5. Cover, and chill dough for at least one hour. 6. Preheat the oven to 375 degrees F (190 degrees C). 7. Grease cookie sheets. 8. Roll the dough into walnut sized balls, and place 2 inches apart on cookie sheets. 9. Flatten each cookie with a large fork dipped in sugar. 10. Bake for 8 to 10 minutes in preheated oven. 11. Allow cookies to cool on baking sheet for 5 minutes before transferring to a wire rack to cool completely
Roast Sticky Chicken-Rotisserie Style,,salt,,4,,teaspoons,,paprika,,2,,teaspoons,,onion powder,,1,,teaspoon,,thyme,,1,,teaspoon,,white pepper,,1,,teaspoon,,cayenne pepper,,1/2,,teaspoon,,black pepper,,1/2,,teaspoon,,garlic powder,,1/2,,teaspoon,,onion,,2,,units,,chicken,,2,,units,,1. In a small bowl, mix together salt, paprika, onion powder, thyme, white pepper, black pepper, cayenne pepper, and garlic powder. 2. Remove and discard giblets from chicken. 3. Rinse chicken cavity, and pat dry with paper towel. 4. Rub each chicken inside and out with spice mixture. 5. Place 1 onion into the cavity of each chicken. 6. Place chickens in a resealable bag or double wrap with plastic wrap. 7. Refrigerate overnight, or at least 4 to 6 hours. 8. Preheat oven to 250 degrees F (120 degrees C). 9. Place chickens in a roasting pan. 10. Bake uncovered for 5 hours, to a minimum internal temperature of 180 degrees F (85 degrees C). 11. Let the chickens stand for 10 minutes before carving
Salisbury Steak,,condensed French onion soup,,1,,can,,beef,,1 1/2,,pounds,,bread crumbs,,1/2,,cup,,egg,,1,,unit,,salt,,1/4,,teaspoon,,black pepper,,1/8,,teaspoon,,all-purpose flour,,1,,tablespoon,,ketchup,,1/4,,cup,,water,,1/4,,cup,,Worcestershire sauce,,1,,tablespoon,,mustard powder,,1/2,,teaspoon,,1. In a large bowl, mix together 1/3 cup condensed French onion soup with ground beef, bread crumbs, eggs, salt and black pepper. 2. Shape into 6 oval patties. 3. In a large skillet over medium-high heat, brown both sides of patties. 4. Pour off excess fat. 5. In a small bowl, blend flour and remaining soup until smooth. 6. Mix in ketchup, water, Worcestershire sauce and mustard powder. 7. Pour over meat in skillet. 8. Cover, and cook for 20 minutes, stirring occasionally
Braised Balsamic Chicken,,chicken breast,,46,,units,,garlic salt,,1,,teaspoon,,black pepper,,1,,pinch,,olive oil,,2,,tablespoons,,onion,,1,,unit,,tomato,,1,,can,,balsamic vinegar,,1/2,,cup,,basil,,1,,teaspoon,,oregano,,1,,teaspoon,,rosemary,,1,,teaspoon,,thyme,,1/2,,teaspoon,,1. Season both sides of chicken breasts with garlic salt and pepper. 2. Heat olive oil in a skillet over medium heat; cook seasoned chicken breasts until chicken is browned, 3 to 4 minutes per side. 3. Add onion; cook and stir until onion is browned, 3 to 4 minutes. 4. Pour tomatoes and balsamic vinegar over chicken; season with basil, oregano, rosemary and thyme. 5. Simmer until chicken is no longer pink and the juices run clear, about 15 minutes. 6. An instant-read thermometer inserted into the center should read at least 165 degrees F (74 degrees C)
Jamie's Cranberry Spinach Salad,,butter,,1,,tablespoon,,almond,,3/4,,cup,,spinach,,1,,pound,,cranberry,,1,,cup,,sesame seed,,2,,tablespoons,,poppy seed,,1,,tablespoon,,white sugar,,1/2,,cup,,onion,,2,,teaspoons,,paprika,,1/4,,teaspoon,,vinegar,,1/2,,cup,,vegetable oil,,1/2,,cup,,1. In a medium saucepan, melt butter over medium heat. 2. Cook and stir almonds in butter until lightly toasted. 3. Remove from heat, and let cool. 4. In a medium bowl, whisk together the sesame seeds, poppy seeds, sugar, onion, paprika, white wine vinegar, cider vinegar, and vegetable oil. 5. Toss with spinach just before serving. 6. In a large bowl, combine the spinach with the toasted almonds and cranberries
Mouth-Watering Stuffed Mushrooms,,mushroom,,12,,units,,vegetable oil,,1,,tablespoon,,garlic,,1,,tablespoon,,cream cheese,,1,,package,,Parmesan cheese,,1/4,,cup,,black pepper,,1/4,,teaspoon,,onion powder,,1/4,,teaspoon,,cayenne pepper,,1/4,,teaspoon,,1. Preheat oven to 350 degrees F (175 degrees C). 2. Spray a baking sheet with cooking spray. 3. Clean mushrooms with a damp paper towel. 4. Carefully break off stems. 5. Chop stems extremely fine, discarding tough end of stems. 6. Heat oil in a large skillet over medium heat. 7. Add garlic and mushroom stems to the skillet. 8. Fry until any moisture has disappeared, taking care not to burn garlic. 9. Set aside to cool. 10. When garlic and mushroom mixture is no longer hot, stir in cream cheese, Parmesan cheese, black pepper, onion powder and cayenne pepper. 11. Mixture should be very thick. 12. Using a little spoon, fill each mushroom cap with a generous amount of stuffing. 13. Arrange the mushroom caps on prepared cookie sheet. 14. Bake for 20 minutes in the preheated oven, or until the mushrooms are piping hot and liquid starts to form under caps
Rosemary Ranch Chicken Kabobs,,olive oil,,1/2,,cup,,ranch dressing,,1/2,,cup,,Worcestershire sauce,,3,,tablespoons,,rosemary,,1,,tablespoon,,salt,,2,,teaspoons,,lemon,,1,,unit,,white vinegar,,1,,teaspoon,,black pepper,,1/4,,teaspoon,,white sugar,,1,,tablespoon,,chicken breast,,5,,pieces,,1. In a medium bowl, stir together the olive oil, ranch dressing, Worcestershire sauce, rosemary, salt, lemon juice, white vinegar, pepper, and sugar. 2. Let stand for 5 minutes. 3. Place chicken in the bowl, and stir to coat with the marinade. 4. Cover and refrigerate for 30 minutes. 5. Preheat the grill for medium-high heat. 6. Thread chicken onto skewers and discard marinade. 7. Lightly oil the grill grate. 8. Grill skewers for 8 to 12 minutes, or until the chicken is no longer pink in the center, and the juices run clear
J.P.'s Big Daddy Biscuits,,all-purpose flour,,2,,cups,,baking powder,,1,,tablespoon,,salt,,1,,teaspoon,,white sugar,,1,,tablespoon,,shortening,,1/3,,cup,,milk,,1,,cup,,1. Preheat oven to 425 degrees F (220 degrees C). 2. In a large bowl, whisk together the flour, baking powder, salt, and sugar. 3. Cut in the shortening until the mixture resembles coarse meal. 4. Gradually stir in milk until dough pulls away from the side of the bowl. 5. Turn out onto a floured surface, and knead 15 to 20 times. 6. Pat or roll dough out to 1 inch thick. 7. Cut biscuits with a large cutter or juice glass dipped in flour. 8. Repeat until all dough is used. 9. Brush off the excess flour, and place biscuits onto an ungreased baking sheet. 10. Bake for 13 to 15 minutes in the preheated oven, or until edges begin to brown
Slow Cooker Chicken Stroganoff,,chicken breast,,4,,pieces,,margarine,,1/8,,cup,,dry salad dressing mix,,1,,package,,cream cheese,,1,,package,,condensed cream of chicken soup,,1,,can,,1. Put chicken, margarine and dressing mix in slow cooker; mix together and cook on low for 5 to 6 hours. 2. Add cream cheese and soup, mix together and cook on high for another 1/2 hour or until heated through and warm
Easy Slow Cooker French Dip,,rump roast,,4,,pounds,,beef broth,,1,,can,,condensed French onion soup,,1,,can,,bottle beer,,1,,can,,French rolls,,6,,units,,butter,,2,,tablespoons,,1. Trim excess fat from the rump roast, and place in a slow cooker. 2. Add the beef broth, onion soup and beer. 3. Cook on Low setting for 7 hours. 4. Preheat oven to 350 degrees F (175 degrees C). 5. Split French rolls, and spread with butter. 6. Bake 10 minutes, or until heated through. 7. Slice the meat on the diagonal, and place on the rolls. 8. Serve the sauce for dipping
Peanut Butter Cup Cookies,,all-purpose flour,,1 3/4,,cups,,salt,,1/2,,teaspoon,,baking soda,,1,,teaspoon,,butter,,1/2,,cup,,white sugar,,1/2,,cup,,peanut butter,,1/2,,cup,,brown sugar,,1/2,,cup,,egg,,1,,unit,,vanilla extract,,1,,teaspoon,,milk,,2,,tablespoons,,chocolate peanut butter cups,,40,,units,,1. Preheat oven to 375 degrees F (190 degrees C). 2. Sift together the flour, salt and baking soda; set aside. 3. Cream together the butter, sugar, peanut butter and brown sugar until fluffy. 4. Beat in the eggs, vanilla and milk. 5. Add the flour mixture; mix well. 6. Shape into 40 balls and place each into an ungreased mini muffin pan. 7. Bake at 375 degrees for about 8 minutes. 8. Remove from oven and immediately press a mini peanut butter cup into each ball. 9. Cool and carefully remove from pan
Iced Pumpkin Cookies,,all-purpose flour,,2 1/2,,cups,,baking powder,,1,,teaspoon,,baking soda,,1,,teaspoon,,cinnamon,,2,,teaspoons,,nutmeg,,1/2,,teaspoon,,cloves,,1/2,,teaspoon,,salt,,1/2,,teaspoon,,butter,,1/2,,cup,,white sugar,,1 1/2,,cups,,pumpkin,,1,,cup,,egg,,1,,unit,,vanilla extract,,1,,teaspoon,,confectioners' sugar,,2,,cups,,milk,,3,,tablespoons,,butter,,1,,tablespoon,,vanilla extract,,1,,teaspoon,,1. Preheat oven to 350 degrees F (175 degrees C). 2. Combine flour, baking powder, baking soda, cinnamon, nutmeg, ground cloves, and salt; set aside. 3. In a medium bowl, cream together the 1/2 cup of butter and white sugar. 4. Add pumpkin, eggs, and 1 teaspoon vanilla to butter mixture, and beat until creamy. 5. Mix in dry ingredients. 6. Drop on cookie sheet by tablespoonfuls; flatten slightly. 7. Bake for 15 to 20 minutes in the preheated oven. 8. Cool cookies, then drizzle glaze with fork. 9. To Make Glaze: Combine confectioners' sugar, milk, 1 tablespoon melted butter, and 1 teaspoon vanilla. 10. Add milk as needed, to achieve drizzling consistency
Burrito Pie,,beef,,2,,pounds,,onion,,1,,unit,,garlic,,2,,teaspoons,,olive,,1,,can,,chili pepper,,1,,can,,tomato,,1,,can,,taco sauce,,1,,jar,,refried beans,,2,,cans,,tortilla,,12,,units,,Colby cheese,,9,,ounces,,1. Preheat oven to 350 degrees F (175 degrees C). 2. In a large skillet over medium heat, saute the ground beef for 5 minutes. 3. Add the onion and garlic, and saute for 5 more minutes. 4. Drain any excess fat, if desired. 5. Mix in the olives, green chile peppers, tomatoes with green chile peppers, taco sauce and refried beans. 6. Stir mixture thoroughly, reduce heat to low, and let simmer for 15 to 20 minutes. 7. Spread a thin layer of the meat mixture in the bottom of a 4 quart casserole dish. 8. Cover with a layer of tortillas followed by more meat mixture, then a layer of cheese. 9. Repeat tortilla, meat, cheese pattern until all the tortillas are used, topping off with a layer of meat mixture and cheese. 10. Bake for 20 to 30 minutes in the preheated oven, or until cheese is slightly brown and bubbly
Sweet and Spicy Chicken,,brown sugar,,1,,tablespoon,,honey,,2,,tablespoons,,soy sauce,,1/4,,cup,,ginger,,2,,teaspoons,,garlic,,2,,teaspoons,,hot sauce,,2,,tablespoons,,pepper,,1,,pinch,,salt,,1,,pinch,,chicken breast,,4,,pieces,,vegetable oil,,1,,tablespoon,,1. Mix together brown sugar, honey, soy sauce, ginger, garlic and hot sauce in a small bowl. 2. Lightly salt and pepper the chicken strips. 3. Heat oil in a large skillet over medium heat. 4. Add chicken strips and brown on both sides, about 1 minute per side. 5. Pour the sauce over the chicken. 6. Simmer uncovered until the sauce thickens, 8 to 10 minutes
Jay's Signature Pizza Crust,,yeast,,2 1/4,,teaspoons,,brown sugar,,1/2,,teaspoon,,water,,1 1/2,,cups,,salt,,1,,teaspoon,,olive oil,,2,,tablespoons,,all-purpose flour,,3 1/3,,cups,,1. In a large bowl, dissolve the yeast and brown sugar in the water, and let sit for 10 minutes. 2. Stir the salt and oil into the yeast solution. 3. Mix in 2 1/2 cups of the flour. 4. Turn dough out onto a clean, well floured surface, and knead in more flour until the dough is no longer sticky. 5. Place the dough into a well oiled bowl, and cover with a cloth. 6. Let the dough rise until double; this should take about 1 hour. 7. Punch down the dough, and form a tight ball. 8. Allow the dough to relax for a minute before rolling out. 9. Use for your favorite pizza recipe. 10. Preheat oven to 425 degrees F (220 degrees C). 11. If you are baking the dough on a pizza stone, you may place your toppings on the dough, and bake immediately. 12. If you are baking your pizza in a pan, lightly oil the pan, and let the dough rise for 15 or 20 minutes before topping and baking it. 13. Bake pizza in preheated oven, until the cheese and crust are golden brown, about 15 to 20 minutes
Angel Chicken Pasta,,chicken breast,,6,,pieces,,butter,,1/4,,cup,,dry salad dressing mix,,1,,package,,white wine,,1/2,,cup,,condensed golden mushroom soup,,1,,can,,cream cheese,,4,,ounces,,angel hair pasta,,1,,pound,,1. Preheat oven to 325 degrees F (165 degrees C). 2. In a large saucepan, melt butter over low heat. 3. Stir in the package of dressing mix. 4. Blend in wine and golden mushroom soup. 5. Mix in cream cheese, and stir until smooth. 6. Heat through, but do not boil. 7. Arrange chicken breasts in a single layer in a 9x13 inch baking dish. 8. Pour sauce over. 9. Bake for 60 minutes in the preheated oven. 10. Twenty minutes before the chicken is done, bring a large pot of lightly salted water to a rolling boil. 11. Cook pasta until al dente, about 5 minutes. 12. Drain. 13. Serve chicken and sauce over pasta
Jalapeno Popper Spread,,cream cheese,,2,,packages,,mayonnaise,,1,,cup,,chili pepper,,1,,can,,jalapeno pepper,,2,,ounces,,grated Parmesan cheese,,1,,cup,,1. Stir together cream cheese and mayonnaise in a large bowl until smooth. 2. Stir in green chiles and jalapeno peppers. 3. Pour mixture into a microwave safe serving dish, and sprinkle with Parmesan cheese. 4. Microwave on High until hot, about 3 minutes
Buttermilk Pancakes II,,all-purpose flour,,3,,cups,,white sugar,,3,,tablespoons,,baking powder,,3,,teaspoons,,baking soda,,1 1/2,,teaspoons,,salt,,3/4,,teaspoon,,buttermilk,,3,,cups,,milk,,1/2,,cup,,egg,,3,,units,,butter,,1/3,,cup,,1. In a large bowl, combine flour, sugar, baking powder, baking soda, and salt. 2. In a separate bowl, beat together buttermilk, milk, eggs and melted butter. 3. Keep the two mixtures separate until you are ready to cook. 4. Heat a lightly oiled griddle or frying pan over medium high heat. 5. You can flick water across the surface and if it beads up and sizzles, it's ready!, Pour the wet mixture into the dry mixture, using a wooden spoon or fork to blend. 6. Stir until it's just blended together. 7. Do not over stir! Pour or scoop the batter onto the griddle, using approximately 1/2 cup for each pancake. 8. Brown on both sides and serve hot
Chocolate Chocolate Chip Cookies I,,butter,,1,,cup,,white sugar,,1 1/2,,cups,,egg,,2,,units,,vanilla extract,,2,,teaspoons,,all-purpose flour,,2,,cups,,cocoa powder,,2/3,,cup,,baking soda,,3/4,,teaspoon,,salt,,1/4,,teaspoon,,chocolate chips,,2,,cups,,walnuts,,1/2,,cup,,1. Preheat oven to 350 degrees F (175 degrees C). 2. In large bowl, beat butter, sugar, eggs, and vanilla until light and fluffy. 3. Combine the flour, cocoa, baking soda, and salt; stir into the butter mixture until well blended. 4. Mix in the chocolate chips and walnuts. 5. Drop by rounded teaspoonfuls onto ungreased cookie sheets. 6. Bake for 8 to 10 minutes in the preheated oven, or just until set. 7. Cool slightly on the cookie sheets before transferring to wire racks to cool completely
Bow Ties with Sausage and Cream,,bow tie pasta,,1,,package,,tomato,,1/2,,cup,,olive oil,,2,,tablespoons,,sausage,,1,,pound,,red pepper flakes,,1/2,,teaspoon,,onion,,1/2,,cup,,garlic,,3,,cloves,,tomato,,1,,can,,heavy cream,,1 1/2,,cups,,salt,,1/2,,teaspoon,,parsley,,3,,tablespoons,,1. Bring a large pot of lightly salted water to a boil. 2. Cook pasta in boiling water for 8 to 10 minutes, or until al dente; drain. 3. Heat oil in a large, deep skillet over medium heat. 4. Cook sausage and pepper flakes until sausage is evenly brown. 5. Stir in onion and garlic, and cook until onion is tender. 6. Stir in tomatoes, cream, and salt. 7. Simmer until mixture thickens, 8 to 10 minutes. 8. Stir cooked pasta into sauce, and heat through. 9. Sprinkle with parsley
Roasted Brussels Sprouts,,Brussels sprouts,,1 1/2,,pounds,,olive oil,,3,,tablespoons,,salt,,1,,teaspoon,,black pepper,,1/2,,teaspoon,,1. Preheat oven to 400 degrees F (205 degrees C). 2. Place trimmed Brussels sprouts, olive oil, kosher salt, and pepper in a large resealable plastic bag. 3. Seal tightly, and shake to coat. 4. Pour onto a baking sheet, and place on center oven rack. 5. Roast in the preheated oven for 30 to 45 minutes, shaking pan every 5 to 7 minutes for even browning. 6. Reduce heat when necessary to prevent burning. 7. Brussels sprouts should be darkest brown, almost black, when done. 8. Adjust seasoning with kosher salt, if necessary. 9. Serve immediately
Waffles I,,egg,,2,,units,,all-purpose flour,,2,,cups,,milk,,1 3/4,,cups,,vegetable oil,,1/2,,cup,,white sugar,,1,,tablespoon,,baking powder,,4,,teaspoons,,salt,,1/4,,teaspoon,,vanilla extract,,1/2,,teaspoon,,1. Preheat waffle iron. 2. Beat eggs in large bowl with hand beater until fluffy. 3. Beat in flour, milk, vegetable oil, sugar, baking powder, salt and vanilla, just until smooth. 4. Spray preheated waffle iron with non-stick cooking spray. 5. Pour mix onto hot waffle iron. 6. Cook until golden brown. 7. Serve hot
Alfredo Sauce,,butter,,1/4,,cup,,heavy cream,,1,,cup,,garlic,,1,,clove,,grated Parmesan cheese,,1 1/2,,cups,,parsley,,1/4,,cup,,1. Melt butter in a medium saucepan over medium low heat. 2. Add cream and simmer for 5 minutes, then add garlic and cheese and whisk quickly, heating through. 3. Stir in parsley and serve
Restaurant-Style Buffalo Chicken Wings,,all-purpose flour,,1/2,,cup,,paprika,,1/4,,teaspoon,,cayenne pepper,,1/4,,teaspoon,,salt,,1/4,,teaspoon,,chicken wing,,10,,units,,oil,,3,,cups,,butter,,1/4,,cup,,hot sauce,,1/4,,cup,,black pepper,,1,,dash,,garlic powder,,1,,dash,,1. In a small bowl mix together the flour, paprika, cayenne pepper and salt. 2. Place chicken wings in a large nonporous glass dish or bowl and sprinkle flour mixture over them until they are evenly coated. 3. Cover dish or bowl and refrigerate for 60 to 90 minutes. 4. Heat oil in a deep fryer to 375 degrees F (190 degrees C). 5. The oil should be just enough to cover wings entirely, an inch or so deep. 6. Combine the butter, hot sauce, pepper and garlic powder in a small saucepan over low heat. 7. Stir together and heat until butter is melted and mixture is well blended. 8. Remove from heat and reserve for serving. 9. Fry coated wings in hot oil for 10 to 15 minutes, or until parts of wings begin to turn brown. 10. Remove from heat, place wings in serving bowl, add hot sauce mixture and stir together. 11. Serve
Sugar Cookie Icing,,confectioners' sugar,,1,,cup,,milk,,2,,teaspoons,,corn syrup,,2,,teaspoons,,almond extract,,1/4,,teaspoon,,food coloring,,3,,drops,,1. In a small bowl, stir together confectioners' sugar and milk until smooth. 2. Beat in corn syrup and almond extract until icing is smooth and glossy. 3. If icing is too thick, add more corn syrup. 4. Divide into separate bowls, and add food colorings to each to desired intensity. 5. Dip cookies, or paint them with a brush